Delaware Ship Supply Co.,MV STOLT EFFORT-325071,1.00,Box,Apple - Golden Delicious
Delaware Ship Supply Co.,MV STOLT EFFORT-325071,1.00,Box,Apple - Green
Delaware Ship Supply Co.,MV STOLT EFFORT-325071,1.00,Box,Apple - Macintosh
Delaware Ship Supply Co.,MV STOLT EFFORT-325071,0.50,Box,Apple - Macintosh
Delaware Ship Supply Co.,MV STOLT EFFORT-325071,1.00,Box,Banana
Delaware Ship Supply Co.,MV STOLT EFFORT-325071,1.00,Box,Banana
Delaware Ship Supply Co.,MV STOLT EFFORT-325071,15.00,Pound,Beet Root
Delaware Ship Supply Co.,MV STOLT EFFORT-325071,0.50,Box,Bok Choy
Delaware Ship Supply Co.,MV STOLT EFFORT-325071,20.00,Pound,Broccoli
Delaware Ship Supply Co.,MV STOLT EFFORT-325071,13.00,Pound,Broccoli
Delaware Ship Supply Co.,MV STOLT EFFORT-325071,1.00,Box,Cabbage - Chinese Napa
Delaware Ship Supply Co.,MV STOLT EFFORT-325071,0.50,Box,Cabbage - White
Delaware Ship Supply Co.,MV STOLT EFFORT-325071,1.00,Box,Cantaloupe
Delaware Ship Supply Co.,MV STOLT EFFORT-325071,0.50,Box,Cantaloupe
Delaware Ship Supply Co.,MV STOLT EFFORT-325071,40.00,Pound,Carrot - Loose
Delaware Ship Supply Co.,MV STOLT EFFORT-325071,25.00,Pound,Carrot - Loose
Delaware Ship Supply Co.,MV STOLT EFFORT-325071,20.00,Pound,Celery
Delaware Ship Supply Co.,MV STOLT EFFORT-325071,1.00,Box,Chayote
Delaware Ship Supply Co.,MV STOLT EFFORT-325071,1.00,Box,Chayote
Delaware Ship Supply Co.,MV STOLT EFFORT-325071,1.00,Box,Cherry Tomato
Delaware Ship Supply Co.,MV STOLT EFFORT-325071,2.00,Pound,Chili Peppers Red Extra Hot
Delaware Ship Supply Co.,MV STOLT EFFORT-325071,5.00,Pound,Coriander
Delaware Ship Supply Co.,MV STOLT EFFORT-325071,0.50,Box,Cucumber
Delaware Ship Supply Co.,MV STOLT EFFORT-325071,10.00,Pound,Daikon Radish - White
Delaware Ship Supply Co.,MV STOLT EFFORT-325071,1.00,Box,Eggplant
Delaware Ship Supply Co.,MV STOLT EFFORT-325071,5.00,Pound,Ginger
Delaware Ship Supply Co.,MV STOLT EFFORT-325071,1.00,Box,Leeks
Delaware Ship Supply Co.,MV STOLT EFFORT-325071,1.00,Box,Lemons
Delaware Ship Supply Co.,MV STOLT EFFORT-325071,40.00,Pound,Lettuce Iceberg
Delaware Ship Supply Co.,MV STOLT EFFORT-325071,15.00,Pound,Lettuce Iceberg
Delaware Ship Supply Co.,MV STOLT EFFORT-325071,1.00,Box,Mushrooms
Delaware Ship Supply Co.,MV STOLT EFFORT-325071,1.00,Box,Mushrooms
Delaware Ship Supply Co.,MV STOLT EFFORT-325071,50.00,Pound,Onion Yellow
Delaware Ship Supply Co.,MV STOLT EFFORT-325071,15.00,Pound,Onion Yellow
Delaware Ship Supply Co.,MV STOLT EFFORT-325071,1.00,Box,Orange
Delaware Ship Supply Co.,MV STOLT EFFORT-325071,1.00,Box,Pears
Delaware Ship Supply Co.,MV STOLT EFFORT-325071,2.00,Pound,Pepper - Chili Red
Delaware Ship Supply Co.,MV STOLT EFFORT-325071,25.00,Pound,Pepper - Red Bell
Delaware Ship Supply Co.,MV STOLT EFFORT-325071,10.00,Pound,Pepper - Red Bell
Delaware Ship Supply Co.,MV STOLT EFFORT-325071,25.00,Pound,Pepper Green
Delaware Ship Supply Co.,MV STOLT EFFORT-325071,5.00,Pound,Pepper Green
Delaware Ship Supply Co.,MV STOLT EFFORT-325071,25.00,Pound,Pineapple
Delaware Ship Supply Co.,MV STOLT EFFORT-325071,5.00,Pound,Pineapple
Delaware Ship Supply Co.,MV STOLT EFFORT-325071,1.00,Bag,Potato White
Delaware Ship Supply Co.,MV STOLT EFFORT-325071,1.00,Bag,Potato White
Delaware Ship Supply Co.,MV STOLT EFFORT-325071,0.50,Box,Pumpkin
Delaware Ship Supply Co.,MV STOLT EFFORT-325071,15.00,Bunch,Scallion Onions
Delaware Ship Supply Co.,MV STOLT EFFORT-325071,1.00,Box,Squash Green
Delaware Ship Supply Co.,MV STOLT EFFORT-325071,25.00,Pound,Tomato
Delaware Ship Supply Co.,MV STOLT EFFORT-325071,25.00,Pound,Tomato
Delaware Ship Supply Co.,MV STOLT EFFORT-325071,15.00,Pound,Tomato
Delaware Ship Supply Co.,MV STOLT EFFORT-325071,,Pound,Watermelons
Delaware Ship Supply Co.,MV STOLT EFFORT-325071,,Pound,Watermelons
Delaware Ship Supply Co.,MV STOLT EFFORT-325071,,Pound,Watermelons
